"0","# For the future Tie this package is for the detailed cleaning the WB data set for the professor RA work. May the force with you! "
"0","# Tie - 2024/10/29"
"0","rm(list = ls())"
"0",""
"0","library (lubridate)     #the time series processing package"
"0","library (tsbox)         #Make time series convverstion, aggregation and plotting simple"
"0","library (RColorBrewer)  #color palettes for R graphics"
"0","library(wesanderson)    #Provides color palettes inspired by Wes Anderson films."
"0","library(writexl)        #Writes data frames to Excel files."
"0","library(tidyr)          #Tidies messy data   "
"0","library(xts)            #Extensible time series class for R   "
"0","library(dplyr)          #Data manipulation and transformation."
"0","library(openxlsx)       #Read, write, and edit Excel files."
"0",""
